,population,income,house_value,rent,tract,unemployment,poverty
0,2871,33101,214700,925,08101003004,0.08,0.06
1,1865,25523,131900,740,08101003103,0.06,0.21
2,2071,14446,79100,644,08101000600,0.2,0.36
3,2184,25597,117400,678,08101001500,0.05,0.25
4,3087,18881,76200,801,08101002000,0.13,0.36
5,4362,26920,159300,913,08101002807,0.09,0.12
6,1958,18125,79300,823,08101000200,0.1,0.24
7,6040,22438,126300,674,08101000902,0.14,0.24
8,1347,20487,105100,619,08101001900,0.07,0.23
9,2238,28472,169900,1068,08101003104,0.07,0.12
10,2384,14021,63500,850,08101001100,0.16,0.54
11,6481,33695,167700,1031,08101002903,0.09,0.19
12,3470,26263,167100,727,08101003200,0.08,0.2
13,4469,23353,141700,676,08101001700,0.06,0.13
14,2232,18984,166100,661,08101000905,0.09,0.23
15,4213,31209,225800,1194,08059012047,0.06,0.05
16,3982,47798,355800,1750,08059012049,0.03,0.02
17,3905,50379,485400,1470,08059012050,0.04,0.06
18,5349,38210,250900,1619,08059012052,0.04,0.04
19,4047,40391,388100,1292,08059012054,0.04,0.03
20,5764,40914,315200,1397,08059012043,0.04,0.04
21,4024,50633,371100,1197,08059012058,0.03,0.02
22,3054,47955,399700,891,08059010504,0.06,0.01
23,5718,14321,448300,1061,08059010000,0.04,0.16
24,3450,30216,294100,787,08059010211,0.1,0.12
25,4352,41752,291900,1110,08059011712,0.06,0.05
26,5348,49667,418800,1889,08059011724,0.05,0.03
27,3250,44901,401100,1169,08059012027,0.05,0.05
28,2601,39904,444600,1950,08059012032,0.07,0.07
29,2776,52582,393900,1263,08059012033,0.05,0.02
30,2704,30471,226700,1280,08059009832,0.07,0.06
31,6023,34201,248400,1256,08059009833,0.08,0.08
32,3990,36628,273800,1889,08059009840,0.04,0.02
33,2528,23787,233900,839,08059010902,0.06,0.14
34,5365,33858,280300,1183,08059010303,0.02,0.05
35,5798,38259,257500,1387,08059010308,0.02,0.08
36,4207,32141,276600,799,08059010701,0.03,0.06
37,2727,42844,355600,1188,08059011721,0.03,0.06
38,5829,46301,359500,1249,08059012022,0.05,0.05
39,4182,41439,400500,1220,08059012031,0.07,0.08
40,5675,39755,240300,1383,08059012039,0.02,0.03
41,3805,45671,328100,1428,08059012044,0.03,0.04
42,4135,36005,276400,1508,08059012053,0.06,0.08
43,5716,45712,273200,1307,08059012057,0.03,0.02
44,5507,40639,270300,1766,08059009828,0.07,0.04
45,5639,23496,-666666666,1933,08041004402,0.05,0.0
46,1252,28870,-666666666,1471,08041004403,0.05,0.03
47,8697,37892,225600,1459,08041004510,0.08,0.05
48,1387,33162,487500,1155,08037000600,0.02,0.09
49,1552,23481,231900,793,08037000100,0.09,0.16
50,5085,32918,181700,837,08065961700,0.04,0.09
51,4010,30813,391700,959,08067970900,0.04,0.09
52,9178,36355,284400,1247,08067970600,0.04,0.06
53,6182,28761,234400,947,08067940300,0.06,0.1
54,7039,24713,392700,1162,08067970800,0.05,0.09
55,3099,32559,395200,1168,08067971000,0.03,0.08
56,4607,21455,378500,1100,08067971100,0.08,0.26
57,4957,33383,369300,1582,08067970701,0.04,0.08
58,2887,36497,244000,1235,08081000300,0.02,0.06
59,4348,21481,169900,599,08081000400,0.06,0.18
60,4337,27199,143200,738,08081000500,0.03,0.08
61,7631,32179,546400,1181,08097000100,0.04,0.1
62,2046,15573,82900,585,08105976800,0.12,0.3
63,4987,19005,112900,571,08105976700,0.1,0.2
64,4004,19194,171800,740,08123000402,0.12,0.18
65,4257,28275,174100,789,08123001100,0.03,0.13
66,2325,12131,76500,651,08123000100,0.08,0.42
67,1464,21725,83700,740,08123000701,0.2,0.25
68,3822,40247,253200,1288,08093000200,0.01,0.01
69,2377,24627,214400,975,08093000500,0.06,0.11
70,5926,33839,255300,1104,08093000100,0.06,0.04
71,3368,19841,173100,731,08109977600,0.12,0.22
72,2887,17956,85800,506,08109977700,0.03,0.23
73,5880,31871,289900,1307,08077001402,0.06,0.04
74,2375,19074,230600,604,08077000200,0.06,0.29
75,4804,32102,187900,1168,08077001102,0.07,0.12
76,2277,33979,367100,1198,08077001200,0.06,0.06
77,5732,22396,120100,763,08077001705,0.1,0.24
78,3176,26156,254100,908,08077001800,0.07,0.17
79,8787,28520,154200,1197,08077000800,0.11,0.16
80,6710,26549,262400,1092,08077001002,0.08,0.11
81,4565,34435,206100,1110,08059009834,0.07,0.04
82,5903,31789,231200,1372,08059010208,0.11,0.1
83,6558,30091,217600,1179,08059010209,0.07,0.08
84,2568,23795,136600,884,08059010406,0.03,0.16
85,5406,35075,307700,889,08059010502,0.07,0.09
86,6306,21813,237900,871,08059011550,0.09,0.25
87,4269,22111,234000,818,08059011601,0.1,0.29
88,6213,42592,371600,1353,08059011726,0.06,0.04
89,3614,36427,312800,1661,08059011727,0.04,0.03
90,3763,42708,296100,1911,08059009835,0.08,0.05
91,5584,41049,406600,1059,08059009808,0.04,0.08
92,5100,39127,251700,1585,08059009824,0.06,0.04
93,2414,26296,-666666666,1190,08059009831,0.02,0.12
94,4389,33604,195500,1276,08035013904,0.05,0.11
95,4775,47489,283700,1244,08035013907,0.03,0.08
96,4281,50463,329300,1638,08035014112,0.07,0.02
97,4246,50119,444000,1373,08035014115,0.04,0.07
98,5628,42317,813000,1378,08035014116,0.04,0.08
99,7510,45033,391500,1367,08035013901,0.01,0.04
100,6699,41657,477100,1555,08035013909,0.03,0.03
101,5380,38498,334500,1126,08035014503,0.03,0.03
102,3146,34266,708700,1198,08035014123,0.06,0.12
103,1956,44697,482400,1236,08035014202,0.03,0.08
104,722,32609,281300,911,08035014300,0.06,0.04
105,7052,51137,391200,-666666666,08035013908,0.04,0.02
106,7417,68185,696900,1485,08035014122,0.05,0.02
107,6933,44940,217100,1677,08035014001,0.03,0.02
108,3880,52314,357300,1618,08035014107,0.03,0.04
109,3467,41390,267900,1455,08035014114,0.04,0.06
110,4606,30851,242200,1007,08035014504,0.06,0.18
111,5639,42348,380600,1185,08035014110,0.06,0.1
112,2810,56610,423400,1599,08035014109,0.05,0.04
113,7155,34011,310400,1183,08037000200,0.02,0.08
114,3535,31347,279700,856,08005006603,0.06,0.12
115,4076,39412,394500,2167,08005006711,0.08,0.02
116,5945,54418,648700,1855,08005006808,0.03,0.01
117,3869,29568,214500,1146,08005005553,0.06,0.14
118,4226,45825,369900,1757,08005005623,0.02,0.04
119,3253,42073,298000,-666666666,08005005631,0.05,0.02
120,3305,24327,133700,1102,08005005551,0.09,0.24
121,2516,22958,92500,864,08005005552,0.11,0.28
122,3086,39263,275300,1069,08005005625,0.05,0.12
123,5414,38389,338900,1564,08005005630,0.03,0.03
124,2134,27361,-666666666,1220,08005006501,0.02,0.18
125,3559,30525,244200,1087,08005006502,0.04,0.13
126,5592,24602,212900,878,08005006601,0.09,0.13
127,5501,59884,378000,1602,08005006709,0.06,0.02
128,3963,18706,165000,863,08005007201,0.13,0.29
129,3473,32163,394800,1242,08005005952,0.09,0.13
130,3638,20568,121100,1003,08005007600,0.12,0.29
131,5043,40605,290000,1008,08005007105,0.08,0.08
132,5495,47563,340200,1906,08005007106,0.02,0.05
133,5432,20119,138300,761,08005007302,0.08,0.28
134,3345,25733,247400,809,08005006400,0.02,0.19
135,2010,82396,1593800,1844,08005006705,0.05,0.02
136,3351,43870,319700,1677,08005005614,0.04,0.03
137,2345,51292,731900,1406,08005005622,0.05,0.03
138,3297,48286,343500,2031,08005005632,0.08,0.04
139,3482,29042,191800,1136,08005005700,0.07,0.25
140,4349,29477,302400,819,08005006604,0.08,0.15
141,4636,42255,463100,1300,08005006815,0.05,0.07
142,848,58958,370700,-666666666,08123002011,0.02,0.0
143,1201,48015,331900,-666666666,08123002012,0.05,0.0
144,3047,48922,263800,1552,08123002013,0.04,0.02
145,1483,30605,153800,1370,08123002014,0.07,0.09
146,1207,47596,247800,1553,08123002015,0.03,0.01
147,3366,31933,208100,1156,08123002016,0.03,0.05
148,554,51944,469700,-666666666,08123002017,0.08,0.08
149,2053,41207,234700,1795,08059012046,0.05,0.08
150,1910,47066,265300,1734,08059009829,0.03,0.04
151,2419,49792,333600,-666666666,08059009839,0.03,0.02
152,3096,48081,466200,1442,08059009847,0.07,0.05
153,5000,29107,226800,1150,08059010213,0.06,0.13
154,2433,29477,279400,1464,08059009841,0.05,0.06
155,6351,40363,330300,1332,08059009827,0.03,0.08
156,3243,64444,586400,-666666666,08059009837,0.03,0.01
157,3862,46250,462000,1648,08059009806,0.05,0.04
158,5161,47270,350300,1693,08059009815,0.03,0.05
159,4116,42794,391900,1420,08059009836,0.03,0.03
160,7806,48399,446300,1351,08059009843,0.02,0.05
161,4032,68480,627100,1776,08059009845,0.04,0.04
162,4430,55944,522900,1781,08059009846,0.03,0.03
163,3420,42006,303700,1133,08059010210,0.03,0.1
164,2557,40833,613100,-666666666,08059009848,0.1,0.06
165,4675,36948,225000,1318,08059010100,0.01,0.14
166,4239,31476,231200,999,08059010212,0.06,0.09
167,2757,37233,237500,1545,08059010304,0.04,0.03
168,5082,27085,241300,949,08059010307,0.09,0.13
169,4607,29912,289200,1171,08059010901,0.1,0.11
170,3061,28363,256500,1015,08059011300,0.16,0.15
171,4711,26331,234900,917,08059011602,0.04,0.25
172,2340,24181,176800,852,08005007301,0.06,0.2
173,3503,22006,170400,836,08005080000,0.14,0.18
174,5607,30960,242500,1139,08005080300,0.05,0.06
175,4931,34337,211400,1167,08005080400,0.04,0.07
176,3692,36936,214500,1129,08005080500,0.07,0.08
177,4601,21803,165400,808,08005080100,0.14,0.16
178,5550,31722,255900,1359,08005080200,0.06,0.06
179,3112,33230,151600,1047,08005080600,0.03,0.12
180,5595,25767,184900,1088,08005080700,0.09,0.1
181,3544,28168,160500,1053,08005080800,0.07,0.23
182,4753,26455,200900,1378,08005080900,0.06,0.18
183,5995,22275,155200,1098,08005081000,0.11,0.35
184,6042,21900,166200,1000,08005081100,0.12,0.18
185,4388,31406,145800,970,08005081200,0.09,0.18
186,3153,25273,193200,977,08005081300,0.09,0.24
187,4064,32042,216600,1788,08005081400,0.11,0.08
188,3090,26513,165500,1034,08005081500,0.0,0.09
189,5183,29775,195700,1495,08005081600,0.1,0.06
190,2979,57273,381200,2179,08005081700,0.04,0.02
191,5542,23859,121900,1043,08005081800,0.09,0.24
192,6622,22927,190100,757,08005081900,0.1,0.27
193,4198,26323,100000,1070,08005082000,0.07,0.26
194,7199,25908,211800,1048,08005082100,0.08,0.19
195,5890,24519,156400,1044,08005082200,0.06,0.06
196,3575,31685,160100,1126,08005082300,0.1,0.22
197,4311,26520,189800,956,08005082400,0.08,0.15
198,2352,31480,205200,1464,08005082500,0.06,0.07
199,5309,37314,120100,1130,08005082600,0.06,0.15
200,3502,33770,204200,1606,08005082700,0.08,0.03
201,4978,30677,165900,1227,08005082800,0.1,0.09
202,4638,36315,189300,1356,08005082900,0.05,0.08
203,3501,43472,319500,1640,08005083000,0.02,0.05
204,6217,38909,248700,1332,08005083100,0.03,0.05
205,9168,50838,272700,1447,08005083200,0.06,0.02
206,4486,37400,206200,1546,08005083300,0.04,0.07
207,7246,31864,218200,1531,08005083400,0.03,0.07
208,5873,31353,237300,1055,08005083500,0.08,0.18
209,3650,31892,187500,1115,08005083600,0.05,0.12
210,4506,36039,334100,1200,08005083700,0.06,0.06
211,3209,35128,166800,1144,08005083800,0.11,0.06
212,2981,38967,169800,1275,08005083900,0.06,0.1
213,2517,34071,218800,1640,08005084000,0.08,0.05
214,4351,32375,217700,1221,08005084100,0.11,0.1
215,3816,33594,179300,1230,08005084200,0.05,0.05
216,3532,30110,223800,1505,08005084300,0.08,0.09
217,3063,34284,200900,1473,08005084400,0.07,0.15
218,1460,44483,319700,1475,08123002018,0.04,0.06
219,4718,43364,271600,1243,08123002019,0.09,0.06
220,5288,47000,287500,1457,08123002020,0.05,0.03
221,548,42344,417200,-666666666,08123002021,0.03,0.05
222,7774,34709,201400,1250,08123002101,0.03,0.08
223,13235,37403,258700,1504,08123002102,0.04,0.02
224,9058,38652,363800,1132,08123002103,0.05,0.04
225,1577,42969,379900,587,08123002203,0.01,0.01
226,2072,40833,337700,1526,08123002204,0.04,0.08
227,5115,26270,173700,887,08123001700,0.12,0.18
228,3437,12146,111800,794,08123000800,0.08,0.48
229,2852,26474,173700,1399,08123001202,0.01,0.1
230,3014,24350,140300,1064,08123001404,0.09,0.19
231,7400,29371,199800,1235,08123001902,0.03,0.16
232,4788,30628,208300,844,08123001600,0.06,0.09
233,2254,4191,-666666666,-666666666,08123000300,0.16,0.0
234,3100,29375,215900,741,08123000401,0.08,0.15
235,7047,33323,256500,906,08123001500,0.01,0.07
236,5017,31167,226000,858,08123002300,0.08,0.13
237,6459,22146,157000,1047,08031000903,0.09,0.31
238,2664,26354,277200,796,08031001101,0.05,0.22
239,5115,26138,187800,957,08031001301,0.06,0.21
240,4078,22316,160700,1128,08031001302,0.03,0.16
241,4707,19630,178700,983,08031001402,0.04,0.24
242,3983,42389,282800,1312,08031001702,0.05,0.18
243,3387,25307,236900,1215,08031001800,0.07,0.27
244,5871,30000,362600,889,08031002100,0.04,0.2
245,5241,31478,206500,856,08031002703,0.05,0.18
246,2705,44733,378400,1143,08031002801,0.05,0.09
247,3132,40252,346400,914,08031002601,0.08,0.26
248,4151,24628,170300,935,08123002004,0.04,0.09
249,3460,35771,328000,649,08077001600,0.06,0.07
250,8031,24161,169500,794,08077001101,0.06,0.14
251,3582,30988,247200,1073,08077001403,0.05,0.06
252,12789,26572,202400,1086,08077001501,0.09,0.18
253,4642,25683,238800,811,08077001702,0.06,0.1
254,5021,35363,298400,1041,08077001900,0.05,0.07
255,4091,21909,144600,725,08077000700,0.17,0.28
256,9064,23046,150000,811,08077001301,0.08,0.29
257,4664,31460,216500,1132,08077001302,0.07,0.09
258,3980,21932,179900,873,08077000601,0.08,0.27
259,7465,31611,351000,1075,08077001502,0.09,0.07
260,4300,24287,180500,1073,08077001703,0.05,0.13
261,1474,22182,180800,651,08077000300,0.04,0.24
262,4715,25195,102400,627,08099000300,0.07,0.18
263,1286,27128,122500,652,08099000100,0.05,0.08
264,3022,31965,223400,1162,08005084500,0.02,0.1
265,5473,32360,194100,1178,08005084600,0.07,0.05
266,4661,37312,214700,1652,08005084700,0.07,0.07
267,3730,35940,245400,1207,08005084800,0.05,0.1
268,3412,54942,431300,2286,08005084900,0.07,0.0
269,1720,51270,605700,1426,08005085000,0.05,0.02
270,6948,51145,434800,2134,08005085100,0.06,0.02
271,2889,51806,419500,2194,08005085200,0.02,0.03
272,2450,46356,474400,1526,08005085300,0.05,0.02
273,4389,42190,285500,1704,08005085400,0.05,0.05
274,5352,41140,318500,1707,08005085500,0.04,0.03
275,3283,51601,357400,-666666666,08005085600,0.02,0.01
276,4434,32762,166100,1315,08005085700,0.08,0.04
277,1793,36286,248000,1439,08005085800,0.04,0.02
278,6385,31752,216800,1174,08031012014,0.04,0.08
279,3246,47037,396300,1084,08031002901,0.05,0.1
280,5712,51508,456800,1144,08031003001,0.03,0.06
281,3291,16780,368900,1273,08031003003,0.08,0.1
282,3093,41415,431600,942,08031003703,0.03,0.11
283,4536,28231,174100,1214,08031004403,0.09,0.25
284,3545,23982,293800,921,08031005104,0.06,0.22
285,3468,33873,308000,1310,08031005200,0.05,0.12
286,3864,43250,184600,1321,08031006812,0.05,0.07
287,6365,20638,199700,893,08031008306,0.1,0.28
288,2383,30985,261400,1144,08031011903,0.05,0.11
289,5465,41557,384700,1043,08031000301,0.06,0.06
290,4047,20523,173900,902,08031001000,0.05,0.26
291,3161,34021,193100,1185,08031001403,0.04,0.21
292,4170,19442,157100,884,08031001500,0.1,0.33
293,5264,59344,509100,1648,08031001701,0.06,0.18
294,4330,55294,529100,1522,08031002902,0.01,0.04
295,4438,21128,204400,947,08031004101,0.13,0.27
296,5604,24907,161000,1156,08031004601,0.05,0.14
297,5583,40076,222700,1138,08031006810,0.04,0.02
298,6190,33476,329400,984,08031006811,0.07,0.1
299,1934,54444,432600,1455,08031000501,0.03,0.08
300,3707,45833,398900,1596,08031001102,0.06,0.12
301,10830,40851,327700,1538,08031001600,0.04,0.17
302,5988,35829,348400,986,08031002300,0.03,0.19
303,3122,61378,899600,1709,08031003203,0.02,0.03
304,4549,25544,238700,853,08031003601,0.06,0.26
305,3394,39636,360200,929,08031003701,0.05,0.14
306,4840,35856,427800,852,08031003702,0.05,0.16
307,5885,51843,381700,1329,08031004304,0.01,0.08
308,3039,30822,279000,1268,08031005001,0.04,0.18
309,4875,31607,258600,960,08031005503,0.06,0.09
310,2573,15640,43500,690,08099000200,0.24,0.28
311,1490,20163,104100,548,08099000600,0.05,0.18
312,856,28798,275400,696,08053973100,0.05,0.11
313,5217,28483,153100,849,08041005000,0.06,0.12
314,3307,41208,370400,1308,08059012059,0.04,0.04
315,3015,36732,229400,1347,08059012060,0.06,0.09
316,3744,34968,269900,1125,08059015800,0.07,0.11
317,3548,32870,366000,1140,08059015900,0.03,0.09
318,833,45625,289700,1635,08123002005,0.06,0.0
319,309,44583,354700,-666666666,08123002006,0.03,0.04
320,6253,45365,390700,1275,08123002007,0.03,0.04
321,5200,52131,377800,1364,08123002008,0.03,0.04
322,1313,36414,408500,955,08123002009,0.07,0.07
323,2440,22546,170400,1338,08123002010,0.08,0.18
324,5046,38871,352500,1304,08005005635,0.08,0.06
325,1880,75167,1289800,-666666666,08005005636,0.04,0.02
326,1482,68542,960300,2570,08005006712,0.05,0.02
327,1421,42260,-666666666,1356,08005006713,0.02,0.05
328,4921,42552,293900,1498,08005006858,0.03,0.11
329,5569,47875,489400,1746,08005006855,0.03,0.07
330,8267,42397,223900,1390,08005006856,0.06,0.06
331,2250,56193,769700,1006,08005006857,0.01,0.0
332,1619,39571,370900,1875,08005007103,0.03,0.03
333,7719,49267,441300,1179,08005007107,0.03,0.04
334,2684,47633,342100,1784,08005015100,0.06,0.06
335,5608,36150,295700,1788,08005007104,0.05,0.03
336,1313,26534,250300,1063,08007940400,0.11,0.07
337,3329,25386,320900,840,08007974300,0.1,0.13
338,5406,25501,219100,954,08007974200,0.06,0.1
339,3386,25457,145100,1148,08123000900,0.11,0.17
340,4873,29387,261000,786,08123002501,0.04,0.14
341,3841,7308,-666666666,780,08123000200,0.14,0.35
342,2018,16822,91600,634,08123000600,0.1,0.07
343,4523,50596,274600,1730,08059060300,0.05,0.01
344,3642,33382,247100,1724,08059060400,0.09,0.06
345,5462,55960,444800,1236,08059060500,0.02,0.04
346,1301,-666666666,-666666666,-666666666,08059980400,,0.0
347,1465,21192,82700,589,08061960100,0.04,0.11
348,5799,22202,127800,803,08063962100,0.05,0.12
349,1401,21909,131300,675,08063962200,0.04,0.17
350,974,22563,113000,559,08063962300,0.06,0.13
351,0,-666666666,-666666666,-666666666,08059980000,,
352,2316,26581,189600,906,08065961900,0.11,0.16
353,5547,33212,305500,1097,08067940400,0.04,0.08
354,5635,31834,410100,914,08067970703,0.07,0.14
355,3740,31511,354700,809,08067970704,0.06,0.09
356,3073,16289,357200,1296,08069000201,0.03,0.35
357,1965,24203,230600,1056,08069000401,0.03,0.16
358,2766,20279,305400,903,08069000402,0.08,0.28
359,2615,33354,347700,943,08069000202,0.09,0.22
360,5635,12367,225400,960,08069000503,0.07,0.48
361,3395,13870,230800,1221,08069000504,0.08,0.4
362,4476,30199,310100,994,08031006814,0.02,0.13
363,4771,25482,-666666666,984,08031007006,0.09,0.15
364,4557,20308,448300,1691,08013012507,0.07,0.31
365,3460,27856,203100,988,08013013308,0.05,0.15
366,3796,19739,223700,829,08013013401,0.1,0.37
367,7388,30694,283600,1216,08013013402,0.08,0.11
368,4645,49375,894400,1548,08013012101,0.06,0.09
369,3358,56950,713100,1093,08013012710,0.04,0.09
370,1463,43676,747100,1330,08013013202,0.05,0.11
371,5112,25455,222100,970,08013013210,0.06,0.11
372,3594,23927,237000,827,08013013307,0.07,0.18
373,5124,23866,219400,974,08013013306,0.09,0.15
374,3316,35166,284200,1518,08013012907,0.05,0.09
375,1575,35769,399200,1354,08013013201,0.04,0.12
376,6257,35536,423200,1417,08013013211,0.05,0.2
377,5811,24538,191700,942,08013013503,0.08,0.23
378,3420,38926,444300,1107,08013013005,0.02,0.08
379,4123,39147,529100,1282,08013013601,0.07,0.08
380,866,37596,337700,887,08013013602,0.11,0.03
381,2424,42065,778100,-666666666,08013012104,0.04,0.1
382,5604,41005,416000,1500,08013012105,0.02,0.1
383,3405,39392,585900,1362,08013012603,0.05,0.11
384,5755,47951,644700,1608,08013012701,0.01,0.03
385,2489,22619,559200,1071,08013012707,0.06,0.1
386,1835,42415,406900,1900,08013012709,0.04,0.04
387,3697,51512,477000,2024,08013013004,0.04,0.04
388,6126,40502,388400,1243,08013013702,0.03,0.11
389,5137,27345,217600,1215,08013013305,0.06,0.15
390,5358,46196,506200,1605,08013012708,0.07,0.06
391,1739,15417,297700,1233,08013012605,0.03,0.39
392,5744,39234,256000,1371,08059011702,0.02,0.05
393,3336,33444,242700,897,08059011709,0.09,0.03
394,3595,29591,208400,1006,08059011723,0.04,0.12
395,1700,44679,302000,1510,08059011725,0.05,0.03
396,3367,32330,163800,974,08059011730,0.03,0.17
397,3285,36766,307700,958,08059011951,0.03,0.14
398,3556,36910,417000,1193,08059012026,0.08,0.09
399,3618,63487,767300,-666666666,08059012034,0.03,0.01
400,4131,26782,191900,1167,08069002008,0.06,0.09
401,3228,30717,307200,1238,08069001004,0.02,0.1
402,2396,19024,245500,1010,08069001305,0.07,0.4
403,2384,22103,-666666666,1065,08069001306,0.1,0.23
404,1707,27240,198300,1047,08069001601,0.08,0.18
405,5830,33069,237200,1241,08069001807,0.06,0.05
406,2734,22231,117200,818,08041005202,0.06,0.29
407,4676,21553,171400,761,08041005502,0.09,0.22
408,5345,31497,191300,1253,08041005601,0.06,0.06
409,6262,24594,122800,897,08041002800,0.12,0.16
410,4778,24306,196100,882,08041003000,0.06,0.18
411,5673,32460,366900,1049,08041003705,0.06,0.07
412,4164,39470,292600,866,08041003707,0.05,0.07
413,2717,32074,-666666666,1579,08041004008,0.19,0.09
414,1867,24407,133300,840,08041004009,0.15,0.23
415,1816,21121,121700,670,08073961800,0.03,0.14
416,1412,29167,156000,653,08075965900,0.06,0.09
417,1462,24972,158800,827,08081000600,0.1,0.11
418,3436,22461,168200,719,08085966503,0.09,0.18
419,4443,25734,158500,730,08085966601,0.06,0.16
420,4712,25494,313500,974,08085966602,0.08,0.09
421,1460,21703,89800,596,08089968000,0.1,0.2
422,2777,17204,76000,577,08089968100,0.14,0.36
423,2880,23109,107700,679,08089968200,0.1,0.06
424,3758,20339,114600,656,08089968300,0.09,0.2
425,993,18580,71700,536,08089968400,0.13,0.27
426,1569,21837,115500,602,08089968500,0.06,0.16
427,5003,17918,76000,671,08089968600,0.1,0.29
428,4760,39231,357700,1224,08077001404,0.06,0.04
429,3553,22188,148500,862,08077000400,0.07,0.2
430,3236,5363,180200,640,08077000500,0.25,0.15
431,4917,16281,125400,762,08077000602,0.16,0.32
432,2677,27019,186100,1105,08077000900,0.03,0.11
433,4649,27336,257800,1077,08077001001,0.02,0.06
434,3434,34978,320600,927,08069001113,0.07,0.05
435,2703,20020,24900,664,08069001304,0.09,0.28
436,5568,25733,247700,865,08069001603,0.04,0.1
437,5454,30180,194100,1075,08069002005,0.06,0.08
438,5796,33058,248200,895,08069002700,0.07,0.08
439,2412,17355,250900,888,08069000100,0.05,0.3
440,6319,25371,238500,1134,08069001104,0.05,0.16
441,5466,28899,214100,1339,08069001707,0.07,0.19
442,3604,32538,330200,885,08069001903,0.07,0.1
443,1949,36630,307500,1201,08069001008,0.04,0.07
444,3598,29813,295400,870,08069001301,0.05,0.16
445,9246,27887,199400,869,08069001704,0.09,0.13
446,2910,34794,330200,1263,08069000300,0.04,0.13
447,5534,22338,248500,1118,08069001107,0.12,0.18
448,3999,41053,493300,2042,08045951802,0.05,0.02
449,3770,32335,295100,833,08051963600,0.06,0.08
450,858,24643,316200,1085,08051963900,0.05,0.18
451,6325,16087,222000,748,08051963700,0.11,0.25
452,7107,36304,416000,1004,08069002600,0.04,0.04
453,6608,4315,270000,907,08069000600,0.25,0.08
454,3698,27354,385700,1021,08069001007,0.07,0.18
455,6340,40182,296000,1289,08069001009,0.02,0.07
456,5695,21206,257500,1130,08069001110,0.05,0.29
457,5272,60595,564300,-666666666,08059012035,0.04,0.04
458,5940,41915,295600,1245,08059012045,0.06,0.02
459,3600,42163,319300,1194,08059012055,0.04,0.02
460,6066,30486,296700,1040,08059011000,0.06,0.16
461,3946,27013,198400,922,08059010305,0.06,0.12
462,2442,29389,231100,947,08059010405,0.04,0.18
463,4431,30671,338900,907,08059010503,0.04,0.11
464,5824,26414,330400,872,08059011100,0.07,0.2
465,4896,39587,278500,1282,08059011701,0.03,0.04
466,2114,32279,156000,974,08059011904,0.06,0.06
467,3927,38789,395700,1529,08059012030,0.04,0.08
468,4825,45452,255300,1605,08059009823,0.02,0.02
469,5320,61047,455200,-666666666,08059009838,0.04,0.01
470,2461,27682,367400,992,08059009900,0.1,0.17
471,2437,41369,370500,2268,08059010205,0.03,0.03
472,2869,31084,252800,1064,08059010306,0.09,0.05
473,2277,28646,236900,933,08059010604,0.06,0.09
474,5619,28242,285100,946,08059010702,0.09,0.25
475,2545,46806,346300,1250,08059010801,0.1,0.1
476,4820,32357,278800,1183,08059011202,0.05,0.07
477,2693,36938,307000,1058,08059011728,0.08,0.09
478,5392,29730,212800,1109,08059011803,0.04,0.1
479,4347,32190,272700,1360,08059011804,0.05,0.09
480,3863,60895,476500,1359,08059012036,0.06,0.01
481,2346,37178,324000,1888,08059012048,0.03,0.01
482,5230,50913,355700,1667,08059012024,0.06,0.07
483,3649,43894,351500,1403,08059012051,0.04,0.04
484,5674,33384,214100,1267,08041004502,0.09,0.06
485,6017,33849,198800,1340,08041004703,0.04,0.04
486,8093,36620,263500,1416,08041005104,0.1,0.06
487,6250,24317,231100,699,08041005700,0.09,0.07
488,6595,24821,154100,1217,08041006502,0.04,0.18
489,8605,50061,449100,1341,08041007400,0.07,0.03
490,4658,43788,317300,1081,08031002803,0.07,0.13
491,2048,31095,282500,1213,08031005502,0.04,0.07
492,4621,32485,207800,1351,08031007088,0.0,0.15
493,4775,24734,111000,840,08031007089,0.04,0.05
494,2086,35926,399200,788,08031012001,0.03,0.05
495,5467,37923,285700,1032,08031003201,0.06,0.15
496,6688,61169,704100,1413,08031003800,0.05,0.08
497,3417,52473,538100,2086,08031004002,0.03,0.04
498,1868,42689,402600,1392,08031004004,0.04,0.04
499,4769,53090,537700,1052,08031004201,0.04,0.07
500,4515,43750,463700,1042,08031004202,0.06,0.09
501,5257,53611,549000,1493,08031004306,0.06,0.05
502,6418,23390,196100,809,08031004404,0.12,0.39
503,8252,47485,464200,1325,08031004405,0.06,0.07
504,8417,24740,166400,910,08031004602,0.07,0.2
505,3221,30511,231200,1219,08031004801,0.06,0.09
506,4285,21393,262200,790,08031007037,0.07,0.31
507,2560,39597,373800,1627,08069001010,0.04,0.01
508,3069,22930,249500,944,08083969200,0.07,0.23
509,5145,24379,158100,763,08083969600,0.09,0.17
510,3253,21954,237700,929,08083969000,0.04,0.1
511,4987,28974,167000,688,08083969300,0.08,0.1
512,7950,35607,207900,1570,08031008391,0.03,0.06
513,3735,35324,261100,913,08031015300,0.07,0.12
514,4402,26106,267500,1119,08031015400,0.03,0.13
515,3541,30108,265500,911,08031015500,0.07,0.17
516,7925,20611,189900,733,08031015600,0.13,0.43
517,5649,26857,245000,1052,08031015700,0.07,0.18
518,1449,35000,131700,1219,08031980000,0.05,0.12
519,0,-666666666,-666666666,-666666666,08031980100,,
520,6187,51448,350600,2025,08035013910,0.03,0.03
521,7043,51379,425700,1733,08035013911,0.05,0.04
522,5153,48171,286800,1442,08035014005,0.04,0.04
523,6300,64299,387100,2195,08035014006,0.03,0.02
524,2871,48218,347600,1359,08035014007,0.04,0.06
525,6986,57130,365600,1967,08035014008,0.03,0.04
526,3554,48586,276500,2199,08035014009,0.09,0.07
527,5556,42401,338200,1219,08035014010,0.04,0.03
528,8034,23595,159100,1210,08031008312,0.06,0.28
529,4359,36740,356700,1064,08013013207,0.02,0.09
530,5915,45869,310000,1583,08013012904,0.05,0.04
531,3227,30656,426700,1570,08013012508,0.06,0.16
532,2377,63008,493900,2211,08013012903,0.01,0.02
533,5866,50438,571100,876,08013013205,0.03,0.09
534,3272,23930,144600,546,08071000100,0.11,0.17
535,2357,20755,122000,755,08071000200,0.1,0.14
536,1963,20799,140400,645,08071000400,0.06,0.14
537,2158,23465,204200,823,08071000300,0.08,0.11
538,1907,17354,112300,694,08071000500,0.09,0.16
539,1830,34020,560600,742,08107000100,0.02,0.08
540,3921,39727,409900,1540,08107000400,0.04,0.08
541,1991,33103,304600,1202,08107000800,0.04,0.14
542,5052,30408,385500,1125,08107000700,0.06,0.1
543,1871,27599,234200,985,08107000200,0.01,0.13
544,2081,32234,210400,948,08107000300,0.04,0.13
545,4200,28527,693800,1334,08107000500,0.05,0.11
546,3034,31682,578700,1194,08107000600,0.03,0.05
547,3755,36160,537600,1587,08117000300,0.07,0.05
548,7248,29348,486800,1168,08117000200,0.07,0.11
549,8419,32895,434100,1250,08117000100,0.01,0.15
550,3261,49724,289500,1724,08035014204,0.04,0.02
551,5286,44524,583900,1028,08035014403,0.05,0.04
552,2700,44952,461400,-666666666,08035014404,0.04,0.04
553,7657,52381,336700,2003,08035014405,0.05,0.02
554,10193,50608,385200,1805,08035014406,0.03,0.0
555,4998,39516,361600,1291,08035014505,0.02,0.04
556,2307,28597,375600,737,08007974400,0.03,0.14
557,2702,46418,331800,1244,08031002602,0.02,0.12
558,4673,31169,245800,853,08031002701,0.06,0.19
559,3996,30679,280000,680,08031000202,0.06,0.21
560,5977,31432,366800,653,08031000502,0.07,0.24
561,6549,21037,179400,657,08031001401,0.06,0.14
562,1887,37813,392900,870,08031002402,0.07,0.18
563,3136,34076,300300,1058,08031003603,0.03,0.12
564,4683,53512,473000,1649,08031003902,0.04,0.08
565,4343,45271,272300,1538,08031004003,0.04,0.04
566,5978,27591,215800,1019,08031004603,0.05,0.22
567,3272,46052,356900,1029,08031000102,0.03,0.1
568,4937,47926,431700,1210,08031000303,0.05,0.14
569,4948,47320,400000,1309,08031000402,0.02,0.15
570,5111,20493,175000,806,08031000904,0.1,0.36
571,4203,25502,153200,1116,08031000905,0.07,0.17
572,1918,54706,418600,1568,08031002000,0.03,0.1
573,5701,32614,281300,988,08041007700,0.03,0.1
574,4259,25866,203300,788,08041008000,0.07,0.18
575,5032,23690,200800,853,08041001302,0.09,0.15
576,4658,23618,144600,857,08041002102,0.11,0.21
577,6077,20663,117300,770,08041002900,0.07,0.35
578,4379,43477,511300,1971,08041003100,0.05,0.06
579,3487,35431,260400,1050,08041003905,0.04,0.11
580,6807,31567,217200,771,08041003909,0.06,0.07
581,4851,28418,148900,1123,08041004100,0.08,0.13
582,4905,21503,183700,1227,08031008386,0.11,0.14
583,7028,22857,186200,1238,08031008387,0.04,0.24
584,8532,31169,205700,1249,08031008388,0.03,0.04
585,10222,35000,254000,1827,08031008389,0.05,0.07
586,9336,31164,197600,1304,08031008390,0.09,0.12
587,7449,30929,184800,1098,08041004511,0.06,0.12
588,3610,33234,185400,1054,08041004601,0.1,0.09
589,3993,27236,185800,916,08041004602,0.1,0.12
590,6780,36497,201600,1395,08041004603,0.05,0.03
591,8233,41438,228100,1461,08041004705,0.04,0.04
592,5201,46703,263500,1835,08041004706,0.08,0.04
593,2560,41749,388700,1214,08031003002,0.05,0.08
594,7325,38089,364600,1115,08031006809,0.04,0.06
595,3069,27268,413800,876,08031004005,0.05,0.22
596,3136,39911,310600,978,08031003202,0.04,0.11
597,2542,49026,462000,1235,08031003401,0.02,0.05
598,4821,58778,677300,1801,08031003402,0.04,0.07
599,4666,35773,900600,1208,08031004006,0.05,0.14
600,4769,20955,218800,1114,08031004102,0.1,0.29
601,2419,56475,394600,1017,08031004302,0.05,0.07
602,4054,83109,927000,2114,08031004303,0.05,0.06
603,6782,28156,229600,870,08031004700,0.06,0.2
604,3736,35670,293600,1085,08031005102,0.06,0.11
605,4258,26679,200900,995,08031006813,0.05,0.17
606,4522,17425,128900,699,08083969400,0.06,0.31
607,3647,25948,236600,743,08083969100,0.04,0.15
608,1825,29390,254600,938,08113968200,0.04,0.15
609,2542,26688,181600,858,08119010201,0.02,0.09
610,7822,37535,280100,1199,08119010103,0.08,0.06
611,663,22270,93900,618,08119010202,0.01,0.11
612,5373,37942,278600,1192,08119010105,0.06,0.07
613,5026,26366,210100,1102,08119010106,0.11,0.07
614,2046,24521,236400,794,08119010104,0.05,0.15
615,7458,36347,560800,1388,08013012102,0.08,0.09
616,4064,40952,747100,1497,08013012505,0.07,0.1
617,3949,38405,247300,1261,08013012705,0.05,0.08
618,5716,34570,276100,1064,08013013208,0.05,0.06
619,6502,44664,567800,1708,08013013701,0.04,0.06
620,4661,53477,616100,1887,08013012510,0.03,0.03
621,2932,28927,148900,623,08095967600,0.01,0.13
622,1415,21419,108600,590,08095967700,0.07,0.1
623,4364,40560,581100,1534,08097000401,0.08,0.07
624,3145,41851,708300,1326,08097000402,0.09,0.07
625,2403,41795,481400,1544,08097000500,0.03,0.08
626,2057,21680,98400,574,08099000700,0.11,0.23
627,2744,42029,226000,1583,08101002911,0.07,0.03
628,1808,20781,154100,911,08101002912,0.11,0.18
629,3246,31959,206300,1136,08101002913,0.06,0.03
630,3534,28988,144800,849,08101002914,0.07,0.13
631,2478,29942,167000,871,08101002915,0.07,0.11
632,2973,20823,100900,830,08101002916,0.05,0.16
633,2951,26461,173500,971,08101002917,0.11,0.12
634,6499,37779,181500,1424,08101002918,0.05,0.04
635,3516,24621,199300,1085,08101003105,0.09,0.06
636,1279,24970,163800,960,08101003106,0.13,0.06
637,1818,13674,139700,410,08101003500,0.17,0.37
638,4449,29280,223600,831,08123001800,0.04,0.15
639,3935,16356,95000,520,08021974800,0.14,0.28
640,5631,21947,141800,871,08001007900,0.07,0.28
641,4407,31227,275000,955,08001008401,0.06,0.1
642,8104,45124,253700,1639,08001008524,0.04,0.02
643,2400,25029,135200,1144,08001008901,0.08,0.25
644,6021,26444,176600,1057,08001009603,0.08,0.12
645,4694,30707,163300,1235,08001009101,0.05,0.16
646,2689,27841,171500,1465,08005007500,0.1,0.17
647,4506,39560,316900,1622,08005005619,0.03,0.06
648,2725,37881,207700,1155,08005005620,0.06,0.08
649,3295,44828,471500,1295,08005005621,0.06,0.05
650,4567,48542,380300,1373,08005005627,0.04,0.03
651,5777,38038,292900,1320,08005005628,0.03,0.04
652,4680,25094,199000,766,08005005951,0.11,0.27
653,3217,29594,240600,1078,08005006200,0.06,0.12
654,5182,41794,289700,1480,08005006707,0.03,0.12
655,2472,55641,616800,3060,08005005629,0.03,0.02
656,3108,40459,257200,1276,08005005634,0.05,0.07
657,4404,71840,1198600,2638,08005006704,0.03,0.03
658,4934,31695,197600,1169,08123002205,0.04,0.13
659,3253,38792,245600,968,08123002206,0.07,0.05
660,2729,42708,279500,1382,08123002207,0.05,0.08
661,5055,40745,281200,1191,08123002208,0.06,0.04
662,1431,47668,426300,2760,08123002209,0.05,0.04
663,931,43636,390800,-666666666,08123002210,0.05,0.01
664,4725,28256,139300,684,08125963100,0.02,0.16
665,5425,22958,130800,603,08125963200,0.02,0.13
666,4240,50302,294100,1784,08005085900,0.06,0.03
667,7984,42293,275600,1679,08005086000,0.05,0.07
668,4769,44102,261200,1712,08005086100,0.03,0.03
669,6437,45406,262100,1839,08005086200,0.02,0.03
670,4445,42413,286700,1360,08005086300,0.02,0.09
671,2122,51284,659400,-666666666,08005086400,0.02,0.02
672,5224,41703,387900,1197,08005086500,0.03,0.01
673,5581,42277,412400,1498,08005086600,0.03,0.04
674,4122,80353,451300,2789,08005086700,0.04,0.03
675,7088,28587,178100,981,08005086800,0.05,0.27
676,5203,28125,209700,1137,08005087000,0.06,0.17
677,4210,39017,427700,1142,08005087200,0.04,0.18
678,8113,28333,275700,1022,08005087300,0.07,0.12
679,1567,21468,63700,447,08009964600,0.02,0.11
680,2081,21691,79300,557,08009964700,0.05,0.22
681,5816,11956,76800,639,08011966700,0.08,0.16
682,3833,16430,728300,1240,08013012204,0.1,0.43
683,4369,38222,299700,1362,08013013212,0.05,0.06
684,3158,27013,247500,1262,08005086900,0.05,0.29
685,2661,25925,117600,1060,08005087100,0.09,0.22
686,3953,45625,616700,1232,08013012103,0.03,0.09
687,5122,12152,372400,1084,08013012607,0.09,0.52
688,2558,31318,418800,1917,08013012608,0.03,0.14
689,8122,34987,393400,1134,08013013213,0.08,0.09
690,3760,29189,887600,1638,08013012201,0.09,0.3
691,4833,26414,166500,989,08041004506,0.12,0.08
692,4571,18957,139000,716,08041005201,0.16,0.35
693,4976,19918,143200,805,08041005300,0.14,0.28
694,4616,32583,221000,976,08041005501,0.11,0.11
695,5969,29091,286900,866,08041006700,0.07,0.14
696,8203,48506,462900,2014,08041007500,0.04,0.03
697,9705,48327,434500,1589,08041007300,0.04,0.06
698,4102,50350,363500,1319,08041007000,0.06,0.03
699,5729,27800,210000,845,08041002400,0.06,0.2
700,3077,24344,140100,849,08041000301,0.07,0.1
701,2435,23750,178400,763,08041001301,0.06,0.16
702,1677,15926,127500,582,08041002300,0.21,0.34
703,5493,23272,182100,868,08041003303,0.07,0.23
704,4236,21699,184500,783,08041000203,0.05,0.2
705,3207,27003,168400,961,08041001104,0.1,0.11
706,4916,40405,288900,1343,08041003706,0.07,0.08
707,5005,32394,206300,1033,08041004701,0.06,0.05
708,5293,24501,190000,896,08041004800,0.05,0.15
709,3674,27036,185600,1402,08041000102,0.04,0.1
710,3257,27044,183600,989,08041000600,0.06,0.13
711,3265,23630,169100,735,08041000700,0.04,0.19
712,4892,34007,313200,1440,08069001602,0.05,0.08
713,6576,27974,246300,856,08069001706,0.03,0.06
714,4515,24332,209200,831,08069001901,0.06,0.21
715,3378,22596,227100,925,08069002007,0.06,0.2
716,7166,34803,221900,1201,08041005105,0.08,0.09
717,10158,40801,228200,1423,08041005106,0.07,0.05
718,8260,46475,243100,1668,08041005107,0.04,0.05
719,9179,36218,217000,1436,08041005108,0.06,0.04
720,7657,39459,233000,1436,08041005109,0.05,0.05
721,4244,31576,159000,1070,08041005110,0.04,0.09
722,7343,31992,186100,1457,08041005111,0.05,0.08
723,5169,30364,162800,1254,08041006301,0.05,0.12
724,5626,23946,154700,884,08041006302,0.13,0.3
725,4345,35202,196100,1168,08041006801,0.02,0.13
726,3913,31746,236300,1533,08041006802,0.07,0.06
727,5455,37447,262200,1565,08041006901,0.07,0.08
728,5361,42484,254400,1306,08041006902,0.08,0.04
729,7558,47775,390300,1853,08041007101,0.07,0.04
730,9385,45461,353200,1832,08041007102,0.05,0.03
731,8859,41682,414900,1451,08041007201,0.03,0.09
732,9230,44441,341700,1358,08041007202,0.06,0.02
733,6984,45139,298400,1596,08041007601,0.02,0.01
734,3448,36106,425700,1779,08041007602,0.07,0.06
735,533,2499,-666666666,-666666666,08043980100,,0.0
736,5353,2499,-666666666,-666666666,08043980300,,0.0
737,2835,5120,-666666666,-666666666,08043980200,,0.0
738,4022,30376,304700,1379,08045951701,0.03,0.13
739,3481,25510,323900,1052,08045951702,0.07,0.16
740,6192,35841,548800,1192,08045951803,0.04,0.09
741,4104,36349,584600,1453,08045951804,0.05,0.1
742,4733,29794,254500,1227,08045951901,0.08,0.1
743,7205,38687,280900,1374,08045951902,0.04,0.06
744,5112,33511,216700,962,08045952001,0.13,0.2
745,8225,31130,223900,944,08045952002,0.09,0.11
746,4776,36906,299400,1020,08049000201,0.04,0.04
747,4176,37500,270600,1184,08059010206,0.03,0.03
748,2193,36528,173800,1185,08059009830,0.05,0.09
749,2800,24984,43700,949,08001009320,0.1,0.22
750,3192,26828,175000,843,08001009501,0.06,0.2
751,7496,35932,255800,1268,08001008529,0.04,0.07
752,4708,26570,167600,1263,08001009202,0.1,0.12
753,4789,22693,167700,1128,08001009308,0.1,0.2
754,3555,29364,192600,791,08001009309,0.11,0.1
755,4507,26211,74100,1012,08001009322,0.08,0.2
756,5187,37034,344600,1159,08001009325,0.1,0.09
757,2447,31611,200800,1084,08041004702,0.04,0.05
758,5410,23806,115900,891,08041006200,0.11,0.32
759,3436,29976,187600,926,08041001400,0.08,0.12
760,1950,29018,196100,685,08041001700,0.11,0.18
761,4558,19822,133700,653,08041001900,0.07,0.22
762,7029,19851,161900,699,08041002000,0.11,0.29
763,2641,23832,149700,652,08041002200,0.12,0.14
764,6194,26098,317500,876,08041000101,0.04,0.11
765,2172,29104,185800,876,08041000400,0.07,0.11
766,2281,32464,211500,1099,08041000500,0.07,0.16
767,4626,25018,203500,930,08041000202,0.09,0.19
768,2361,37359,502100,814,08041001000,0.05,0.07
769,2476,55855,414000,1400,08035014011,0.03,0.03
770,7736,51724,368200,1547,08035014012,0.03,0.06
771,5842,64500,492300,3501,08035014013,0.03,0.01
772,5637,59839,376400,1974,08035014124,0.02,0.02
773,3608,64375,581800,1755,08035014125,0.04,0.03
774,1852,53196,315900,1435,08035014126,0.01,0.03
775,5319,61086,477400,3015,08035014127,0.02,0.01
776,5053,51517,315300,1826,08035014128,0.03,0.02
777,3999,53016,385600,1784,08035014129,0.05,0.04
778,8105,47222,347400,2093,08035014130,0.02,0.01
779,4059,42213,519800,1654,08035014131,0.05,0.04
780,6320,66250,485400,2528,08035014132,0.02,0.02
781,6854,51784,354000,1670,08035014133,0.05,0.04
782,6564,56455,382400,2161,08035014134,0.02,0.03
783,3589,45192,709800,1438,08035014135,0.04,0.04
784,9224,49882,296500,1731,08035014136,0.02,0.01
785,10173,73258,477800,2330,08035014137,0.03,0.03
786,3485,49058,275200,1484,08035014138,0.02,0.08
787,4063,45335,383700,1992,08035014139,0.06,0.01
788,5368,69256,456200,-666666666,08035014140,0.04,0.03
789,6783,51071,416300,2083,08035014203,0.04,0.0
790,2797,45533,280600,1820,08001008536,0.02,0.02
791,4496,18571,132200,782,08001007802,0.14,0.38
792,3784,34762,255300,1434,08001008535,0.04,0.03
793,6896,40510,278100,1648,08001008537,0.06,0.05
794,9947,41414,230800,1743,08001008539,0.03,0.02
795,4918,31901,272200,1322,08059011805,0.02,0.09
796,4109,21831,220600,842,08059011402,0.08,0.16
797,4920,36069,135200,1197,08059011732,0.07,0.19
798,1467,31658,282700,965,08059011733,0.05,0.15
799,4754,24399,221100,777,08059011806,0.03,0.14
800,3738,12012,184500,1250,08069000505,0.11,0.5
801,3493,16227,245000,1267,08069000506,0.12,0.35
802,1774,22033,280800,970,08069000801,0.05,0.3
803,1301,26563,289900,890,08069000802,0.11,0.1
804,4378,32800,249200,1255,08069001307,0.07,0.06
805,5217,37770,336300,1110,08069001308,0.05,0.04
806,4498,30196,303900,1500,08069001605,0.03,0.07
807,3132,39627,320500,1373,08069001606,0.03,0.05
808,3735,47887,296100,1395,08069001607,0.03,0.03
809,5578,47433,482700,1316,08069001608,0.07,0.04
810,3695,34250,293200,1025,08069001708,0.06,0.07
811,14872,36696,402400,1198,08069001709,0.05,0.03
812,4896,33459,340400,965,08069001808,0.06,0.03
813,11244,39352,300100,1397,08069001809,0.02,0.04
814,2595,37179,411400,1688,08069002010,0.05,0.04
815,5523,32388,301000,1293,08069002011,0.04,0.05
816,1196,28269,279600,-666666666,08069002401,0.01,0.12
817,2657,28555,291600,1041,08069002402,0.01,0.09
818,9390,42448,425500,1002,08069002501,0.06,0.07
819,9110,32979,236200,1269,08069002502,0.03,0.03
820,3486,36298,337700,1067,08069002503,0.06,0.14
821,3621,29934,326300,870,08069002801,0.06,0.17
822,5327,28856,353700,913,08069002802,0.03,0.11
823,99,-666666666,-666666666,741,08069002803,0.0,0.28
824,2665,28862,166100,1077,08071000800,0.02,0.08
825,2152,24250,143300,754,08075966000,0.05,0.13
826,7138,24382,156100,739,08075966100,0.05,0.2
827,4089,16021,102400,636,08075966200,0.05,0.14
828,4909,23284,133200,675,08075966300,0.14,0.16
829,2162,19063,135700,683,08075966400,0.03,0.09
830,6306,14814,125500,623,08077001706,0.16,0.36
831,5764,28182,158500,910,08077001707,0.11,0.15
832,2638,20502,212200,825,08085966201,0.07,0.12
833,4586,21840,180000,732,08085966202,0.1,0.24
834,2880,34785,320000,-666666666,08085966501,0.07,0.1
835,3870,27750,234500,1045,08085966502,0.05,0.17
836,3699,9643,128600,824,08073961700,0.05,0.09
837,1383,19265,137500,285,08083941100,0.1,0.33
838,2269,18973,98700,763,08101003600,0.12,0.36
839,0,-666666666,-666666666,-666666666,08101980100,,
840,4212,58411,453500,2196,08035014506,0.03,0.03
841,6996,39801,249100,1826,08035014603,0.04,0.02
842,4062,49048,303500,1860,08035014604,0.04,0.07
843,5976,36221,429000,1713,08037000301,0.04,0.01
844,2199,37466,615600,869,08037000302,0.06,0.1
845,4531,30253,405600,1137,08037000401,0.03,0.14
846,4509,36037,744500,1475,08037000402,0.03,0.06
847,8313,48103,450600,1479,08037000403,0.05,0.05
848,660,26424,1569400,1688,08037000501,0.0,0.12
849,3948,24636,139400,841,08123001201,0.08,0.27
850,7681,21065,112000,813,08123001300,0.11,0.2
851,2980,28961,207400,758,08041000800,0.07,0.13
852,2368,31495,296800,761,08041000900,0.05,0.15
853,3698,21848,153800,804,08041002101,0.12,0.19
854,3513,39056,441300,1386,08041002501,0.06,0.07
855,7739,35039,311000,1036,08041003701,0.06,0.08
856,11965,48265,300300,1698,08041003902,0.07,0.03
857,13707,37355,206500,1384,08041004503,0.04,0.03
858,7319,48635,314500,1816,08001008540,0.04,0.02
859,4897,50556,463300,1531,08001008541,0.04,0.05
860,7912,41988,245100,1685,08001008542,0.06,0.05
861,8514,35821,226400,1595,08001008543,0.04,0.06
862,4968,51556,332500,1712,08001008544,0.04,0.01
863,7721,38455,283200,1689,08001008545,0.05,0.05
864,4103,30668,227000,1398,08001008547,0.06,0.03
865,6517,50678,299300,1790,08001008538,0.02,0.02
866,3069,34232,208900,1304,08001008546,0.07,0.03
867,1556,41607,242400,1433,08001008548,0.02,0.02
868,4451,35685,217200,1475,08001008549,0.06,0.09
869,8248,36678,244000,1611,08001008550,0.04,0.03
870,1365,38929,458200,-666666666,08001008551,0.0,0.03
871,7990,20807,137700,836,08001008709,0.16,0.33
872,2199,33986,213500,1321,08001009206,0.08,0.12
873,4991,28659,191300,1135,08001009207,0.05,0.11
874,2588,48365,334200,1198,08001009326,0.05,0.01
875,3900,29276,237500,929,08001009327,0.1,0.18
876,3724,20634,142600,870,08001009751,0.07,0.3
877,3289,25491,206700,1025,08001009752,0.09,0.07
878,2928,22620,43700,1074,08001015000,0.14,0.15
879,5154,55408,426000,1261,08001060000,0.05,0.03
880,7619,37604,269000,1530,08001060100,0.06,0.13
881,3726,35985,231900,1174,08001060200,0.07,0.11
882,1654,55318,347300,1715,08001061200,0.03,0.0
883,0,-666666666,-666666666,-666666666,08001988700,,
884,6561,17640,153800,637,08003960200,0.1,0.3
885,1547,22563,148600,756,08003960000,0.07,0.2
886,2841,19590,159300,663,08003960100,0.01,0.13
887,5404,12375,112200,600,08003960300,0.13,0.39
888,2345,25498,130300,946,08005004951,0.06,0.23
889,2560,28031,267200,1009,08005004952,0.06,0.21
890,3463,31250,382400,859,08015000300,0.06,0.08
891,4168,24429,296400,804,08015000200,0.04,0.09
892,2709,25082,244900,782,08015000100,0.03,0.09
893,5708,36697,255000,1058,08047013800,0.04,0.07
894,3764,31867,375400,1171,08045951600,0.07,0.15
895,6658,33690,200600,877,08045952100,0.04,0.1
896,4936,35160,439800,1213,08051963800,0.02,0.06
897,1671,36107,274300,696,08059009807,0.06,0.07
898,5918,41833,282600,1602,08059012041,0.05,0.06
899,3409,46630,357900,1714,08059012037,0.06,0.03
900,3294,50824,477200,1733,08059009842,0.02,0.07
901,3397,31720,236800,961,08059010603,0.04,0.08
902,4887,30600,217800,930,08059010403,0.06,0.15
903,3989,31527,291500,1195,08059011710,0.07,0.06
904,4942,42469,332600,1341,08059011720,0.07,0.08
905,3982,33813,166300,1254,08059011729,0.05,0.14
906,4139,40529,207700,1310,08059011731,0.04,0.04
907,3520,45771,284200,1819,08059012023,0.06,0.07
908,3618,36988,238800,1635,08059012038,0.07,0.01
909,4076,40574,296000,1486,08059012042,0.06,0.03
910,4599,26078,204400,1014,08101002804,0.07,0.12
911,3137,13525,65000,655,08101000800,0.11,0.31
912,3989,25313,114500,884,08101000904,0.02,0.22
913,5406,16066,78400,797,08101001000,0.18,0.42
914,2223,25095,102500,822,08101001800,0.16,0.16
915,1992,2499,-666666666,-666666666,08101000300,,0.0
916,2968,22619,89000,778,08101000400,0.06,0.25
917,705,3547,-666666666,-666666666,08101000903,0.08,0.19
918,1674,13942,69200,642,08101002100,0.15,0.26
919,1172,21026,81700,864,08101003001,0.24,0.28
920,1929,16319,83600,735,08101002400,0.12,0.21
921,5180,23466,114400,874,08101002700,0.14,0.2
922,3304,32899,184400,1276,08041005602,0.06,0.07
923,3129,33896,188700,1113,08041005800,0.09,0.09
924,6658,31860,190800,981,08041005900,0.04,0.1
925,6364,22517,162100,774,08041006000,0.05,0.18
926,3855,22631,130200,1242,08041006501,0.13,0.2
927,2397,32027,235800,803,08041006600,0.07,0.13
928,2293,23227,179500,715,08041001500,0.12,0.12
929,3487,11918,288000,815,08041001600,0.13,0.16
930,1907,36055,233400,1104,08041001800,0.04,0.11
931,3131,20919,164100,729,08041002700,0.08,0.23
932,3441,31490,265600,831,08041003400,0.08,0.1
933,3704,30110,152800,1121,08041004200,0.08,0.1
934,6590,28614,179300,1277,08041004300,0.12,0.14
935,5165,19156,269700,1186,08041007800,0.14,0.11
936,2876,41303,310900,1225,08041003708,0.04,0.06
937,3172,30394,166900,1379,08041004507,0.12,0.03
938,3895,28494,172100,1049,08041004901,0.08,0.08
939,2531,42969,300800,1036,08041007900,0.06,0.03
940,5879,16942,130100,744,08041005400,0.15,0.35
941,7028,25471,140700,978,08041006400,0.1,0.21
942,6390,28167,148100,724,08041004508,0.09,0.11
943,5134,48824,372800,1168,08041003702,0.05,0.05
944,6368,40402,303700,1148,08041003709,0.09,0.08
945,4339,23226,104200,795,08041004501,0.18,0.15
946,4374,15885,162100,742,08001007801,0.08,0.47
947,4114,19830,166000,1385,08031008304,0.09,0.25
948,4082,28668,206800,1135,08031000201,0.09,0.09
949,5962,47252,481700,1266,08013013003,0.06,0.05
950,3532,39444,605000,2177,08013012509,0.03,0.09
951,5633,44413,398500,1487,08013013006,0.04,0.05
952,4588,31590,290200,995,08013013302,0.05,0.07
953,2645,30912,448200,1263,08013012501,0.05,0.16
954,6207,11741,586200,1256,08013012511,0.07,0.12
955,11847,54734,397900,1882,08013012800,0.02,0.04
956,2641,32067,302900,1129,08013012905,0.06,0.17
957,6189,18654,389900,1209,08013012202,0.05,0.42
958,6982,4430,-666666666,1139,08013012300,0.13,0.08
959,5802,6311,757400,1146,08013012401,0.07,0.56
960,7131,32264,226100,1350,08013012203,0.04,0.16
961,1789,23045,115900,693,08033000100,0.04,0.19
962,552,26632,224100,1069,08111972600,0.1,0.04
963,1306,27614,170300,704,08057955600,0.02,0.14
964,7825,36122,267100,1005,08069001806,0.05,0.07
965,4590,30104,230600,1046,08069001902,0.04,0.09
966,3652,23125,293100,1093,08069000902,0.06,0.21
967,5380,24556,234900,918,08069001003,0.07,0.15
968,4728,23059,187800,926,08013013505,0.08,0.24
969,4305,33410,314800,1429,08013013506,0.04,0.1
970,5337,26531,174100,899,08059010402,0.06,0.19
971,4184,33177,265000,963,08059011711,0.07,0.07
972,3924,34930,249400,1361,08059011708,0.03,0.05
973,793,27143,277500,639,08079973600,0.02,0.08
974,4651,32479,399400,1088,08091967600,0.06,0.09
975,3802,28333,247800,742,08103951100,0.06,0.14
976,2856,28984,167100,786,08103951200,0.02,0.09
977,6147,26780,232300,1086,08123002502,0.02,0.2
978,5074,54254,415500,1505,08005006706,0.03,0.04
979,5138,49847,409900,1401,08005006708,0.03,0.04
980,2774,43393,504900,1322,08005006854,0.09,0.05
981,6365,21176,163200,1060,08001008506,0.07,0.2
982,8237,35908,218400,1317,08001008533,0.04,0.06
983,4747,36188,215500,1715,08001008534,0.03,0.02
984,5103,33250,245800,1418,08069001109,0.07,0.14
985,2402,23641,272600,1163,08069001111,0.06,0.3
986,4123,27393,211300,1027,08069001804,0.07,0.11
987,3316,31915,327600,1022,08069002300,0.04,0.1
988,2849,20930,355400,1032,08069000700,0.04,0.27
989,5233,25324,279000,1174,08069000901,0.1,0.15
990,4618,26421,236700,1089,08069001106,0.06,0.17
991,4657,31086,270400,888,08069001112,0.06,0.09
992,2438,58945,461500,1750,08069001114,0.06,0.02
993,3313,36643,235700,1411,08101002808,0.12,0.14
994,1923,18358,98300,736,08101000500,0.1,0.2
995,3440,19752,149600,807,08101002802,0.1,0.14
996,5379,21490,120100,972,08101002801,0.04,0.2
997,6122,22815,185100,950,08085966400,0.08,0.21
998,2198,24661,161700,717,08085966100,0.06,0.14
999,5981,21195,138900,703,08085966300,0.15,0.26
1000,2918,25422,226800,854,08087000200,0.05,0.14
1001,1710,31151,181900,868,08087000800,0.05,0.12
1002,4095,25192,138600,675,08087000400,0.04,0.1
1003,2162,22917,115900,594,08087000300,0.04,0.13
1004,2301,24009,114000,837,08087000500,0.13,0.1
1005,2890,31019,202200,807,08087000100,0.02,0.05
1006,5951,23526,134500,756,08087000700,0.09,0.11
1007,6261,26979,133700,610,08087000600,0.03,0.1
1008,2773,31075,245900,1220,08093000300,0.04,0.1
1009,1542,36208,281700,950,08093000400,0.06,0.14
1010,5025,34916,221100,896,08005007101,0.04,0.07
1011,4114,24311,184300,1100,08005007702,0.05,0.15
1012,4545,23886,224000,1030,08005007703,0.11,0.28
1013,3788,35132,763800,1094,08005005612,0.07,0.06
1014,2813,30666,232000,800,08005006000,0.1,0.17
1015,2905,28835,226300,865,08005006100,0.1,0.25
1016,6553,34411,262300,1184,08041003906,0.13,0.04
1017,4739,16327,13100,907,08041000302,0.13,0.23
1018,5812,38000,321700,1301,08041004902,0.09,0.05
1019,4279,21509,129600,725,08041006100,0.13,0.37
1020,1295,23887,158500,715,08041001101,0.05,0.16
1021,4370,28199,292000,795,08041002502,0.05,0.08
1022,2915,27863,236100,813,08049000100,0.09,0.15
1023,5392,26461,194200,1075,08001009401,0.1,0.06
1024,5369,30897,198600,1175,08001009407,0.1,0.17
1025,4539,53406,334900,1808,08001009408,0.02,0.02
1026,4630,26084,164400,984,08001009604,0.11,0.19
1027,5446,21941,82900,818,08001008308,0.09,0.38
1028,5816,35823,216000,1378,08001008508,0.04,0.06
1029,2089,22109,128700,870,08001008603,0.09,0.24
1030,4970,23412,192500,1135,08001008604,0.07,0.08
1031,3600,28689,237700,863,08001008605,0.03,0.08
1032,10580,23287,167400,1080,08001009002,0.05,0.17
1033,6916,18470,33900,1128,08001009316,0.05,0.14
1034,5266,24202,233500,738,08001009607,0.11,0.11
1035,6223,20167,168400,1032,08001008000,0.09,0.22
1036,6904,30553,188800,1418,08001008505,0.04,0.07
1037,7620,36215,323800,1547,08001008523,0.04,0.09
1038,6151,26056,197200,1110,08001009304,0.03,0.17
1039,3750,24879,240200,1070,08001009203,0.08,0.19
1040,5612,25984,179500,972,08001009310,0.11,0.15
1041,4629,32899,202600,1296,08001009406,0.07,0.1
1042,3161,39315,219800,1504,08001009608,0.07,0.07
1043,4715,33487,253800,1166,08001008402,0.05,0.04
1044,5126,21690,151100,924,08001008705,0.05,0.2
1045,3180,30225,221700,1408,08013013507,0.08,0.07
1046,7533,40000,320000,1481,08013013508,0.11,0.02
1047,5826,46531,397300,1440,08013060600,0.04,0.06
1048,3162,49724,495500,1419,08013060700,0.07,0.04
1049,6904,25916,206500,1168,08013060800,0.05,0.13
1050,4664,36228,291500,1207,08013060900,0.07,0.07
1051,3594,61445,541900,1869,08013061300,0.06,0.02
1052,3661,47147,447000,1926,08013061400,0.03,0.03
1053,3595,28964,231200,876,08014030000,0.07,0.1
1054,2375,31227,265500,1021,08014030100,0.07,0.08
1055,1861,39576,205300,1558,08014030200,0.12,0.08
1056,3590,28108,313300,896,08014030300,0.05,0.09
1057,3833,49432,372200,1690,08014030400,0.03,0.01
1058,5937,51947,438400,1483,08014030500,0.04,0.01
1059,6076,32118,218900,1657,08014030600,0.02,0.05
1060,2976,49655,282400,1668,08014030700,0.04,0.03
1061,5688,41555,280500,1657,08014030800,0.04,0.09
1062,5882,43646,396200,1890,08014030900,0.06,0.05
1063,5594,51880,371600,1492,08014031000,0.05,0.03
1064,4098,37538,-666666666,1469,08014031100,0.02,0.09
1065,4203,38811,263900,1384,08014031200,0.07,0.12
1066,2335,77772,588800,1744,08014031300,0.03,0.02
1067,4406,50037,478000,3393,08014031400,0.03,0.05
1068,0,-666666666,-666666666,-666666666,08014980100,,
1069,0,-666666666,-666666666,-666666666,08014980200,,
1070,0,-666666666,-666666666,-666666666,08014980300,,
1071,2071,26985,89200,625,08017960600,0.09,0.11
1072,5537,10166,74200,659,08025969600,0.26,0.27
1073,4375,21713,230700,725,08027970100,0.11,0.18
1074,4577,26489,291900,943,08015000401,0.04,0.11
1075,3590,17122,204600,691,08015000402,0.01,0.08
1076,4278,20599,138000,535,08021974900,0.08,0.16
1077,4085,26738,157200,852,08031004503,0.01,0.35
1078,1966,17049,127900,625,08023972600,0.11,0.33
1079,1624,15230,103400,298,08023972700,0.12,0.27
1080,2642,12901,256100,380,08031001901,0.24,0.45
1081,812,4845,450000,1250,08031001902,0.13,0.01
1082,12563,64192,503600,1721,08031004106,0.04,0.03
1083,6937,61633,435000,1481,08031004107,0.02,0.04
1084,4506,18885,151500,997,08031004504,0.04,0.26
1085,4606,17872,162200,983,08031004505,0.02,0.4
1086,3721,17001,163400,784,08031004506,0.04,0.39
1087,4590,24451,223000,690,08105977000,0.08,0.13
1088,2097,32835,580300,1527,08113968103,0.02,0.06
1089,4618,30999,537100,1228,08117000401,0.05,0.16
1090,5941,22980,137800,996,08001008801,0.1,0.3
1091,3772,27429,57000,1078,08001009103,0.05,0.08
1092,7000,32178,244700,1181,08001009204,0.02,0.05
1093,6931,25402,121800,908,08001009318,0.07,0.27
1094,3752,21512,46100,1109,08001009321,0.03,0.18
1095,3946,28237,230300,988,08001009323,0.07,0.12
1096,5674,46368,294100,1214,08001009409,0.01,0.03
1097,3163,36267,291200,1687,08001009411,0.05,0.07
1098,4342,24375,183100,1193,08001009502,0.06,0.13
1099,6710,43797,317800,1438,08001008526,0.01,0.04
1100,6576,24714,160700,938,08001008606,0.05,0.18
1101,5140,22216,148800,965,08001008706,0.07,0.25
1102,4927,24556,105500,898,08001008802,0.09,0.25
1103,6168,31593,181700,1122,08001009104,0.05,0.16
1104,3694,24926,195000,1588,08001009306,0.08,0.14
1105,2613,24182,71300,759,08001009319,0.06,0.29
1106,3109,46701,375000,1614,08001009410,0.04,0.03
1107,1343,25063,-666666666,1373,08001008100,0.05,0.31
1108,5041,54635,322000,1655,08035014108,0.03,0.03
1109,3508,41148,338100,1245,08035013905,0.04,0.03
1110,3365,54349,360800,2141,08035014113,0.06,0.03
1111,2664,42333,606100,3042,08035014602,0.04,0.05
1112,4201,20315,129600,837,08005007202,0.05,0.27
1113,5679,21990,149400,1132,08005007400,0.07,0.21
1114,5037,26031,110600,1039,08005007704,0.1,0.23
1115,5201,31336,310800,877,08005005611,0.04,0.08
1116,2369,37855,380000,1678,08005005624,0.08,0.04
1117,3757,35698,272900,1229,08005005626,0.09,0.06
1118,3109,53550,378900,1544,08005005633,0.02,0.03
1119,2537,38724,319700,1424,08005005800,0.09,0.03
1120,2472,24844,223000,1316,08005006300,0.05,0.13
1121,2617,21347,136700,641,08043978800,0.04,0.19
1122,2295,17982,168600,678,08043978400,0.11,0.14
1123,3029,25185,167800,767,08043979100,0.09,0.12
1124,1760,34886,294000,1304,08043979200,0.07,0.03
1125,3916,22426,174000,817,08043978100,0.1,0.12
1126,3181,20431,143000,923,08043979400,0.08,0.06
1127,3482,24789,194400,722,08043979000,0.05,0.11
1128,2265,14747,65700,731,08101001200,0.29,0.44
1129,1472,16229,77400,717,08101002200,0.11,0.41
1130,3007,21995,90100,843,08101002500,0.11,0.2
1131,3762,16099,85800,594,08101002600,0.13,0.38
1132,2694,22486,124900,862,08101000100,0.08,0.13
1133,1312,10975,75200,555,08101001400,0.13,0.47
1134,1789,32639,139600,771,08101001600,0.07,0.08
1135,3458,16629,89800,780,08101002300,0.07,0.21
1136,4000,25346,196100,1046,08001009307,0.06,0.15
1137,3137,21891,192100,730,08001009553,0.05,0.28
1138,2773,20905,187800,868,08001009606,0.03,0.27
1139,5529,23303,166700,1430,08001008200,0.06,0.13
1140,7002,27803,190300,1438,08001008507,0.09,0.11
1141,3803,24566,43600,1023,08001008309,0.08,0.27
1142,6586,30330,172200,1162,08001008353,0.05,0.08
1143,6799,30581,332100,1004,08049000202,0.06,0.13
1144,3194,15269,87600,580,08055960600,0.22,0.23
1145,3327,28264,203200,850,08055960900,0.03,0.11
1146,5844,27351,402100,1055,08059009849,0.04,0.19
1147,2550,52448,593600,1295,08059009850,0.03,0.05
1148,3772,49913,376000,1274,08059009851,0.04,0.05
1149,3855,36715,414600,1143,08059009852,0.05,0.06
1150,2763,23121,152800,773,08059011401,0.1,0.16
1151,4306,24825,165600,921,08001009001,0.07,0.19
1152,5229,40595,536800,1255,08117000402,0.05,0.11
1153,2086,26140,138000,628,08121924100,0.05,0.12
1154,5154,41904,336200,1114,08031012010,0.04,0.04
1155,6920,22967,153900,953,08031003500,0.08,0.26
1156,4413,47227,360100,1043,08031000302,0.04,0.07
1157,6217,30752,368500,967,08031003004,0.07,0.15
1158,1576,41429,353400,849,08031003101,0.04,0.09
1159,3560,54189,583100,1648,08031003300,0.01,0.05
1160,5600,45625,410200,-666666666,08031004103,0.02,0.12
1161,4540,38421,260800,869,08031004301,0.03,0.13
1162,7179,26725,328100,935,08031005002,0.11,0.22
1163,1363,26507,313300,1015,08031005300,0.05,0.12
1164,5478,22448,285800,856,08031006901,0.09,0.13
1165,3646,45506,218900,1300,08031007013,0.02,0.07
1166,4519,25239,138900,1446,08031008305,0.07,0.23
1167,4334,37137,393100,854,08031002802,0.04,0.14
1168,4739,35806,267300,1197,08031004104,0.06,0.11
1169,2423,47656,394300,1572,08031006804,0.04,0.05
1170,3906,19102,293900,737,08031000701,0.12,0.26
1171,3318,24795,347500,786,08031003102,0.07,0.32
1172,4594,24333,193900,905,08031003602,0.05,0.21
1173,3231,47463,459600,1422,08031006701,0.03,0.1
1174,3237,31477,364600,919,08031000401,0.04,0.13
1175,3633,29989,327800,946,08031002403,0.08,0.27
1176,6602,38945,247100,1024,08031011902,0.05,0.09
1177,5173,19583,274700,808,08031000702,0.08,0.46
1178,5957,37682,243700,981,08031002702,0.04,0.14
1179,4597,88940,761500,1740,08031003901,0.02,0.02
1180,5060,42396,372400,1379,08019014700,0.02,0.04
1181,1755,28782,193500,723,08019014800,0.11,0.17
1182,2423,32900,244900,787,08019014900,0.04,0.07
1183,3640,22729,208300,777,08029964600,0.06,0.11
1184,3889,23553,211200,863,08029964700,0.09,0.17
1185,5476,24510,191000,899,08029964900,0.08,0.16
1186,4024,18799,190900,881,08029964800,0.11,0.14
1187,4765,22590,231200,792,08029965000,0.1,0.12
1188,4407,18151,159400,637,08029965100,0.09,0.22
1189,4020,17150,184900,767,08029965200,0.14,0.22
1190,3790,20882,118800,646,08043978200,0.08,0.23
1191,5431,24854,158100,720,08043978500,0.06,0.14
1192,5571,21383,156400,837,08043978300,0.09,0.18
1193,3042,19927,118600,687,08043978600,0.12,0.35
1194,4071,31928,190100,1233,08101002806,0.03,0.09
1195,2803,16845,82100,758,08101002901,0.15,0.33
1196,4322,36458,221200,1785,08101002906,0.08,0.04
1197,2728,24792,104300,618,08121924200,0.03,0.1
1198,7138,24204,122700,879,08123000703,0.13,0.2
1199,951,31979,178700,1347,08123000704,0.07,0.07
1200,1434,27475,288800,773,08123000705,0.02,0.13
1201,1972,34389,794800,1313,08113968101,0.02,0.12
1202,1873,27310,1011600,913,08113968102,0.09,0.15
1203,2367,22668,94700,579,08115968300,0.08,0.14
1204,3330,17246,109200,589,08123000501,0.08,0.41
1205,3460,16786,100900,676,08123000502,0.21,0.32
1206,5214,19434,93000,679,08123001003,0.12,0.34
1207,4546,20695,113200,777,08123001004,0.08,0.28
1208,7352,26626,157200,1199,08123001005,0.05,0.12
1209,5149,26292,145000,956,08123001006,0.05,0.11
1210,4294,31984,208200,1261,08123001405,0.06,0.04
1211,5669,37817,227600,1125,08123001406,0.07,0.06
1212,2316,41929,312900,1377,08123001407,0.03,0.02
1213,2243,30777,285800,1012,08123001408,0.04,0.1
1214,3073,27342,215200,998,08123001409,0.02,0.15
1215,3545,32992,237700,1612,08123001410,0.06,0.03
1216,2461,38628,250000,996,08123001411,0.04,0.03
1217,2479,36997,273300,1089,08123001412,0.03,0.09
1218,2862,29404,164900,982,08123001413,0.02,0.06
1219,2293,37354,221100,1366,08123001414,0.06,0.09
1220,3348,40974,235900,1654,08123001415,0.04,0.03
1221,2316,49630,291900,1391,08123001416,0.03,0.03
1222,2375,31094,173100,1010,08123001417,0.1,0.15
1223,4631,30762,161100,681,08123001905,0.07,0.13
1224,1455,32911,234600,1068,08123001906,0.05,0.04
1225,3065,30635,225400,978,08123001907,0.03,0.1
1226,2381,30336,161200,801,08123001908,0.04,0.08
1227,2973,26971,356600,854,08031000600,0.06,0.28
1228,1448,9113,-666666666,261,08031000800,0.29,0.79
1229,6093,24119,183800,1085,08031000902,0.05,0.22
1230,4471,35208,458100,1513,08037000502,0.04,0.12
1231,6444,33171,369700,1226,08037000503,0.01,0.11
1232,1272,39261,706700,2014,08037000701,0.0,0.04
1233,1582,38864,467900,1520,08037000702,0.01,0.07
1234,2843,37198,628500,1277,08037000703,0.02,0.06
1235,2071,31623,241400,713,08039961100,0.07,0.09
1236,7649,41307,391400,1583,08039961204,0.09,0.05
1237,1738,41094,315900,939,08039961205,0.05,0.08
1238,3477,45483,352000,1761,08039961206,0.06,0.01
1239,3910,39567,375600,930,08039961207,0.03,0.04
1240,3205,31770,367200,1250,08039961208,0.01,0.08
1241,2175,31852,271000,1122,08039961209,0.03,0.05
1242,7485,51261,485000,1387,08041003305,0.07,0.03
1243,3182,34722,361300,-666666666,08041003306,0.11,0.09
1244,3406,38366,213700,1292,08041003307,0.04,0.04
1245,6396,35023,186300,1071,08041003308,0.04,0.04
1246,1979,35486,-666666666,1485,08041003801,0.06,0.03
1247,3978,11546,-666666666,-666666666,08041003802,0.0,0.0
1248,9234,35207,-666666666,1408,08041004401,0.12,0.21
